{
    "accuracy": 0.7849829351535836,
    "f1": 0.5434782608695652,
    "precision": 0.6097560975609756,
    "recall": 0.49019607843137253
}